Type,Name,Path,Scope,Category

OU,Entreprise,ROOT,,

OU,Users,OU=Entreprise,,
OU,Workstations,OU=Entreprise,,
OU,Servers,OU=Entreprise,,
OU,Groups,OU=Entreprise,,
OU,Policies,OU=Entreprise,,
OU,Service Accounts,OU=Entreprise,,
OU,Admins,OU=Entreprise,,

OU,Direction,"OU=Users,OU=Entreprise",,
OU,RH,"OU=Users,OU=Entreprise",,
OU,IT,"OU=Users,OU=Entreprise",,
OU,Comptabilite,"OU=Users,OU=Entreprise",,
OU,Marketing,"OU=Users,OU=Entreprise",,
OU,Stagiaires,"OU=Users,OU=Entreprise",,

OU,Direction,"OU=Workstations,OU=Entreprise",,
OU,RH,"OU=Workstations,OU=Entreprise",,
OU,IT,"OU=Workstations,OU=Entreprise",,
OU,Comptabilite,"OU=Workstations,OU=Entreprise",,
OU,Marketing,"OU=Workstations,OU=Entreprise",,

OU,Global,"OU=Groups,OU=Entreprise",,
OU,DomainLocal,"OU=Groups,OU=Entreprise",,
OU,Distribution,"OU=Groups,OU=Entreprise",,

GROUP,GG_RH,"OU=Global,OU=Groups,OU=Entreprise",Global,Security
GROUP,GG_IT,"OU=Global,OU=Groups,OU=Entreprise",Global,Security
GROUP,GG_Direction,"OU=Global,OU=Groups,OU=Entreprise",Global,Security
GROUP,GG_Comptabilite,"OU=Global,OU=Groups,OU=Entreprise",Global,Security
GROUP,GG_Marketing,"OU=Global,OU=Groups,OU=Entreprise",Global,Security

GROUP,DL_RH_Read,"OU=DomainLocal,OU=Groups,OU=Entreprise",DomainLocal,Security
GROUP,DL_RH_Modify,"OU=DomainLocal,OU=Groups,OU=Entreprise",DomainLocal,Security
GROUP,DL_IT_Read,"OU=DomainLocal,OU=Groups,OU=Entreprise",DomainLocal,Security
GROUP,DL_IT_Modify,"OU=DomainLocal,OU=Groups,OU=Entreprise",DomainLocal,Security